objectid,filename,title,format,description,creator,editor,date,date-is-approximate?,item_information,subject,location,latitude,longitude,publisher,source,identifier,rights,rightsstatement,type,language,relation
pn_1964_sb_01,/objects/pn_1964_sb_01.png,Humor in Eudora Welty's The Shoe Bird,,,Helen Bevington,,11/15/1964,no,50,Shoe Bird;Review,"New York, New York",40.712776,-74.005974,New York Times Book Review,New York Times Archive,,"Educational use includes non-commercial use of text and images in materials for teaching and research purposes. Digital reproduction permissions granted by University of Idaho Library Special Collections and Archives Department. For other uses beyond free use, please contact University of Idaho Library Special Collections and Archives Department at libspec@uidaho.edu.",https://rightsstatements.org/vocab/InC-EDU/1.0/,,eng,
pn_1994_sb_02,/objects/sbsi.jpg,The Shoe Bird,,,,,4/10/1994,no,35,Shoe Bird;Review,"New York, New York",40.712776,-74.005974,New York Times Book Reivew,New York Times Archive ,,"Educational use includes non-commercial use of text and images in materials for teaching and research purposes. Digital reproduction permissions granted by University of Idaho Library Special Collections and Archives Department. For other uses beyond free use, please contact University of Idaho Library Special Collections and Archives Department at libspec@uidaho.edu.",https://rightsstatements.org/vocab/InC-EDU/1.0/,,eng,
pn_1965_sb_03,/objects/sbsi.jpg,The Shoe Bird,,,,,2/28/1965,no,19,Shoe Bird;Review,"Sioux Falls, South Dakota",43.54997000,-96.70033000,Argus-Leader,Newspapers.com,,"Educational use includes non-commercial use of text and images in materials for teaching and research purposes. Digital reproduction permissions granted by University of Idaho Library Special Collections and Archives Department. For other uses beyond free use, please contact University of Idaho Library Special Collections and Archives Department at libspec@uidaho.edu.",https://rightsstatements.org/vocab/InC-EDU/1.0/,,eng,
pn_1994_sb_04,/objects/sbsi.jpg,Welty's Parrot Gives Children Bird's-Eye View of Learning,,,Elizabeth Ward,,2/20/1994,no,171,Shoe Bird;Review,"Atlanta, Georgia",33.7877846,-84.383977,Atlanta Journal,Genealogy Bank,,"Educational use includes non-commercial use of text and images in materials for teaching and research purposes. Digital reproduction permissions granted by University of Idaho Library Special Collections and Archives Department. For other uses beyond free use, please contact University of Idaho Library Special Collections and Archives Department at libspec@uidaho.edu.",https://rightsstatements.org/vocab/InC-EDU/1.0/,,eng,
pn_1964_sb_05,/objects/sbsi.jpg,A Wide Choice for Children from Picture Books to Poetry,,,Margaret Libby,,12/13/1964,no,38,Shoe Bird;Review,"Toledo, Ohio",41.6525,-83.5375,Toledo Blade,Genealogy Bank,,"Educational use includes non-commercial use of text and images in materials for teaching and research purposes. Digital reproduction permissions granted by University of Idaho Library Special Collections and Archives Department. For other uses beyond free use, please contact University of Idaho Library Special Collections and Archives Department at libspec@uidaho.edu.",https://rightsstatements.org/vocab/InC-EDU/1.0/,,eng,
pn_1964_sb_06,/objects/sbsi.jpg,Children Romp Through Book Fair,,,Arline Grimes,,11/2/1964,no,5,Shoe Bird;Review,"Boston, Massachusets",42.34558,-71.04255,Boston Herald,Genealogy Bank,,"Educational use includes non-commercial use of text and images in materials for teaching and research purposes. Digital reproduction permissions granted University of Idaho Library Special Collections and Archives Department. For other uses beyond free use, please contact University of Idaho Library Special Collections and Archives Department at libspec@uidaho.edu.",https://rightsstatements.org/vocab/InC-EDU/1.0/,,eng,
pn_1964_sb_07,/objects/sbsi.jpg,A Festival of Reading,,,Charlotte Jackson,,11/29/1964,no,137,Shoe Bird;Review,"Chicago, Illinois",41.8745,-87.6501,Chicago Sun Times,Genealogy Bank,,"Educational use includes non-commercial use of text and images in materials for teaching and research purposes. Digital reproduction permissions granted University of Idaho Library Special Collections and Archives Department. For other uses beyond free use, please contact University of Idaho Library Special Collections and Archives Department at libspec@uidaho.edu.",https://rightsstatements.org/vocab/InC-EDU/1.0/,,eng,
pn_1964_sb_08,/objects/sbsi.jpg,Riding High With Great Fall Books!,,,,,11/1/1964,no,213,Shoe Bird;Advertisement,"Chicago, Illinois",41.881832,-87.623177,Chicago Tribune,Newspapers.com,,"Educational use includes non-commercial use of text and images in materials for teaching and research purposes. Digital reproduction permissions granted by University of Idaho Library Special Collections and Archives Department. For other uses beyond free use, please contact University of Idaho Library Special Collections and Archives Department at libspec@uidaho.edu.",https://rightsstatements.org/vocab/InC-EDU/1.0/,,eng,
pn_1964_sb_09,/objects/sbsi.jpg,The Junior Bookshelf,,,Polly Goodwin,,12/20/1964,no,149,Shoe Bird;Review,"Chicago, Illinois",41.881832,-87.623177,Chicago Tribune,Newspapers.com,,"Educational use includes non-commercial use of text and images in materials for teaching and research purposes. Digital reproduction permissions granted University of Idaho Library Special Collections and Archives Department. For other uses beyond free use, please contact University of Idaho Library Special Collections and Archives Department at libspec@uidaho.edu.",https://rightsstatements.org/vocab/InC-EDU/1.0/,,eng,
pn_1964_sb_10,/objects/sbsi.jpg,Autograph Party with Eudora Welty,,,,,10/10/1964,no,2,Shoe Bird;Advertisement,"Jackson, Mississippi",32.298756,-90.184807,Clarion-Ledger,Newspapers.com,,"Educational use includes non-commercial use of text and images in materials for teaching and research purposes. Digital reproduction permissions granted by University of Idaho Library Special Collections and Archives Department. For other uses beyond free use, please contact University of Idaho Library Special Collections and Archives Department at libspec@uidaho.edu.",https://rightsstatements.org/vocab/InC-EDU/1.0/,,eng,
pn_1964_sb_11,/objects/sbsi.jpg,You Are Invited to Meet Eudora Welty,,,,,12/4/1964,no,3,Shoe Bird;Advertisement,"Jackson, Mississippi",32.298756,-90.184807,Clarion-Ledger,Newspapers.com,,"Educational use includes non-commercial use of text and images in materials for teaching and research purposes. Digital reproduction permissions granted by University of Idaho Library Special Collections and Archives Department. For other uses beyond free use, please contact University of Idaho Library Special Collections and Archives Department at libspec@uidaho.edu.",https://rightsstatements.org/vocab/InC-EDU/1.0/,,eng,
pn_1965_sb_12,/objects/sbsi.jpg,You are Invited to an Autograph Party,,,,,4/4/1965,no,63,Shoe Bird;Advertisement,"Jackson, Mississippi",32.298756,-90.184807,Clarion-Ledger,Newspapers.com,,"Educational use includes non-commercial use of text and images in materials for teaching and research purposes. Digital reproduction permissions granted by University of Idaho Library Special Collections and Archives Department. For other uses beyond free use, please contact University of Idaho Library Special Collections and Archives Department at libspec@uidaho.edu.",https://rightsstatements.org/vocab/InC-EDU/1.0/,,eng,
pn_1968_sb_13,/objects/sbsi.jpg,Jackson Ballet Guild to Present World Premiere of The Shoe Bird,,,,,1/21/1968,no,32,Shoe Bird;Ballet,"Jackson, Mississippi",32.298756,-90.184807,Clarion-Ledger,Newspapers.com,,"Educational use includes non-commercial use of text and images in materials for teaching and research purposes. Digital reproduction permissions granted by University of Idaho Library Special Collections and Archives Department. For other uses beyond free use, please contact University of Idaho Library Special Collections and Archives Department at libspec@uidaho.edu.",https://rightsstatements.org/vocab/InC-EDU/1.0/,,eng,
pn_1968_sb_14,/objects/sbsi.jpg,Jackson Ballet Guild Seeks Donors' Support,,,,,1/28/1968,no,46,Shoe Bird;Ballet,"Jackson, Mississippi",32.298756,-90.184807,Clarion-Ledger,Newspapers.com,,"Educational use includes non-commercial use of text and images in materials for teaching and research purposes. Digital reproduction permissions granted by University of Idaho Library Special Collections and Archives Department. For other uses beyond free use, please contact University of Idaho Library Special Collections and Archives Department at libspec@uidaho.edu.",https://rightsstatements.org/vocab/InC-EDU/1.0/,,eng,
pn_1968_sb_15,/objects/sbsi.jpg,The Shoe Bird' Premiere Scheduled for April 20,,,,,3/6/1968,no,12,Shoe Bird;Ballet,"Jackson, Mississippi",32.298756,-90.184807,Clarion-Ledger,Newspapers.com,,"Educational use includes non-commercial use of text and images in materials for teaching and research purposes. Digital reproduction permissions granted by University of Idaho Library Special Collections and Archives Department. For other uses beyond free use, please contact University of Idaho Library Special Collections and Archives Department at libspec@uidaho.edu.",https://rightsstatements.org/vocab/InC-EDU/1.0/,,eng,
pn_1968_sb_16,/objects/sbsi.jpg,Shoe Bird Ticket Sales Announced,,,,,3/21/1968,no,63,Shoe Bird;Ballet,"Jackson, Mississippi",32.298756,-90.184807,Clarion-Ledger,Newspapers.com,,"Educational use includes non-commercial use of text and images in materials for teaching and research purposes. Digital reproduction permissions granted University of Idaho Library Special Collections and Archives Department. For other uses beyond free use, please contact University of Idaho Library Special Collections and Archives Department at libspec@uidaho.edu.",https://rightsstatements.org/vocab/InC-EDU/1.0/,,eng,
pn_1968_sb_17,/objects/sbsi.jpg,Ballet Guild Starts Ticket Sale for Event / Mrs. Williams is Honorary Chairman of World Premiere,,,,,4/7/1968,no,47,Shoe Bird;Ballet,"Jackson, Mississippi",32.298756,-90.184807,Clarion-Ledger,Newspapers.com,,"Educational use includes non-commercial use of text and images in materials for teaching and research purposes. Digital reproduction permissions granted by University of Idaho Library Special Collections and Archives Department. For other uses beyond free use, please contact University of Idaho Library Special Collections and Archives Department at libspec@uidaho.edu.",https://rightsstatements.org/vocab/InC-EDU/1.0/,,eng,
pn_1968_sb_18,/objects/sbsi.jpg,Engel Not Missing Broadway Theater,,,Earl Wilson,,4/8/1968,no,6,Shoe Bird;Ballet,"Jackson, Mississippi",32.298756,-90.184807,Clarion-Ledger,Newspapers.com,,"Educational use includes non-commercial use of text and images in materials for teaching and research purposes. Digital reproduction permissions granted by University of Idaho Library Special Collections and Archives Department. For other uses beyond free use, please contact University of Idaho Library Special Collections and Archives Department at libspec@uidaho.edu.",https://rightsstatements.org/vocab/InC-EDU/1.0/,,eng,
pn_1968_sb_19,/objects/sbsi.jpg,"Attend the Jackson Ballet Guild Presentation World Premiere ""The Shoe Bird""",,,,,4/11/1968,no,38,Shoe Bird;Ballet,"Jackson, Mississippi",32.298756,-90.184807,Clarion-Ledger,Newspapers.com,,"Educational use includes non-commercial use of text and images in materials for teaching and research purposes. Digital reproduction permissions granted by University of Idaho Library Special Collections and Archives Department. For other uses beyond free use, please contact University of Idaho Library Special Collections and Archives Department at libspec@uidaho.edu.",https://rightsstatements.org/vocab/InC-EDU/1.0/,,eng,
pn_1968_sb_20,/objects/sbsi.jpg,Scene from Eudora Welty's 'Shoe Bird',,,Claude Sutherland,,4/14/1968,no,31,Shoe Bird;Ballet,"Jackson, Mississippi",32.298756,-90.184807,Clarion-Ledger,Newspapers.com,,"Educational use includes non-commercial use of text and images in materials for teaching and research purposes. Digital reproduction permissions granted by University of Idaho Library Special Collections and Archives Department. For other uses beyond free use, please contact University of Idaho Library Special Collections and Archives Department at libspec@uidaho.edu.",https://rightsstatements.org/vocab/InC-EDU/1.0/,,eng,
pn_1968_sb_21,/objects/sbsi.jpg,"Attend the Jackson Ballet Guild Presentation World Premiere ""The Shoe Bird""",,,,,4/14/1968,no,40,Shoe Bird;Ballet,"Jackson, Mississippi",32.298756,-90.184807,Clarion-Ledger,Newspapers.com,,"Educational use includes non-commercial use of text and images in materials for teaching and research purposes. Digital reproduction permissions granted by University of Idaho Library Special Collections and Archives Department. For other uses beyond free use, please contact University of Idaho Library Special Collections and Archives Department at libspec@uidaho.edu.",https://rightsstatements.org/vocab/InC-EDU/1.0/,,eng,
pn_1968_sb_22,/objects/sbsi.jpg,"Witty, Wise and Rewarding' - That is Description of Coming Ballet",,,,,4/14/1968,no,46,Shoe Bird;Ballet,"Jackson, Mississippi",32.298756,-90.184807,Clarion-Ledger,Newspapers.com,,"Educational use includes non-commercial use of text and images in materials for teaching and research purposes. Digital reproduction permissions granted by University of Idaho Library Special Collections and Archives Department. For other uses beyond free use, please contact University of Idaho Library Special Collections and Archives Department at libspec@uidaho.edu.",https://rightsstatements.org/vocab/InC-EDU/1.0/,,eng,
pn_1968_sb_23,/objects/sbsi.jpg,The Shoe Bird' Ballet Began in a Quiet Kitchen,,,Sylvia Scott,,4/14/1968,no,58,Shoe Bird;Ballet,"Jackson, Mississippi",32.298756,-90.184807,Clarion-Ledger,Newspapers.com,,"Educational use includes non-commercial use of text and images in materials for teaching and research purposes. Digital reproduction permissions granted by University of Idaho Library Special Collections and Archives Department. For other uses beyond free use, please contact University of Idaho Library Special Collections and Archives Department at libspec@uidaho.edu.",https://rightsstatements.org/vocab/InC-EDU/1.0/,,eng,
pn_1968_sb_24,/objects/sbsi.jpg,Candidate Petitions Due on Wednesday,,,Louise Hardy,,4/15/1968,no,5,Shoe Bird;Ballet,"Jackson, Mississippi",32.298756,-90.184807,Clarion-Ledger,Newspapers.com,,"Educational use includes non-commercial use of text and images in materials for teaching and research purposes. Digital reproduction permissions granted by University of Idaho Library Special Collections and Archives Department. For other uses beyond free use, please contact University of Idaho Library Special Collections and Archives Department at libspec@uidaho.edu.",https://rightsstatements.org/vocab/InC-EDU/1.0/,,eng,
pn_1968_sb_25,/objects/sbsi.jpg,Welty's 'Shoe Bird' to Premiere as Ballet,,,,,4/15/1968,no,15,Shoe Bird;Ballet,"Jackson, Mississippi",32.298756,-90.184807,Clarion-Ledger,Newspapers.com,,"Educational use includes non-commercial use of text and images in materials for teaching and research purposes. Digital reproduction permissions granted by University of Idaho Library Special Collections and Archives Department. For other uses beyond free use, please contact University of Idaho Library Special Collections and Archives Department at libspec@uidaho.edu.",https://rightsstatements.org/vocab/InC-EDU/1.0/,,eng,
pn_1968_sb_26,/objects/sbsi.jpg,"Miss Welty, Mr. Engel Will Share Spotlight",,,,,4/15/1968,no,25,Shoe Bird;Ballet,"Jackson, Mississippi",32.298756,-90.184807,Jackson Daily News,Newspapers.com,,"Educational use includes non-commercial use of text and images in materials for teaching and research purposes. Digital reproduction permissions granted by University of Idaho Library Special Collections and Archives Department. For other uses beyond free use, please contact University of Idaho Library Special Collections and Archives Department at libspec@uidaho.edu.",https://rightsstatements.org/vocab/InC-EDU/1.0/,,eng,
pn_1968_sb_27,/objects/sbsi.jpg,Lehman Engel Composes Musical Score for Ballet,,,,,4/16/1968,no,12,Shoe Bird;Ballet,"Jackson, Mississippi",32.298756,-90.184807,Clarion-Ledger,Newspapers.com,,"Educational use includes non-commercial use of text and images in materials for teaching and research purposes. Digital reproduction permissions granted by University of Idaho Library Special Collections and Archives Department. For other uses beyond free use, please contact University of Idaho Library Special Collections and Archives Department at libspec@uidaho.edu.",https://rightsstatements.org/vocab/InC-EDU/1.0/,,eng,
pn_1968_sb_28,/objects/sbsi.jpg,Supporting the Ballet,,,,,4/18/1968,no,14,Shoe Bird;Ballet,"Jackson, Mississippi",32.298756,-90.184807,Clarion-Ledger,Newspapers.com,,"Educational use includes non-commercial use of text and images in materials for teaching and research purposes. Digital reproduction permissions granted by University of Idaho Library Special Collections and Archives Department. For other uses beyond free use, please contact University of Idaho Library Special Collections and Archives Department at libspec@uidaho.edu.",https://rightsstatements.org/vocab/InC-EDU/1.0/,,eng,
pn_1968_sb_29,/objects/sbsi.jpg,Willing Workers,,,,,4/18/1968,no,14,Shoe Bird;Ballet,"Jackson, Mississippi",32.298756,-90.184807,Clarion-Ledger,Newspapers.com,,"Educational use includes non-commercial use of text and images in materials for teaching and research purposes. Digital reproduction permissions granted by University of Idaho Library Special Collections and Archives Department. For other uses beyond free use, please contact University of Idaho Library Special Collections and Archives Department at libspec@uidaho.edu.",https://rightsstatements.org/vocab/InC-EDU/1.0/,,eng,
pn_1968_sb_30,/objects/sbsi.jpg,Manuscript of 'Shoe Bird' Given Archives,,,,,4/19/1968,no,14,Shoe Bird;Ballet,"Jackson, Mississippi",32.298756,-90.184807,Clarion-Ledger,Newspapers.com,,"Educational use includes non-commercial use of text and images in materials for teaching and research purposes. Digital reproduction permissions granted by University of Idaho Library Special Collections and Archives Department. For other uses beyond free use, please contact University of Idaho Library Special Collections and Archives Department at libspec@uidaho.edu.",https://rightsstatements.org/vocab/InC-EDU/1.0/,,eng,
pn_1968_sb_31,/objects/sbsi.jpg,Talented Jacksonians,,,,,4/19/1968,no,17,Shoe Bird;Ballet,"Jackson, Mississippi",32.298756,-90.184807,Clarion-Ledger,Newspapers.com,,"Educational use includes non-commercial use of text and images in materials for teaching and research purposes. Digital reproduction permissions granted by University of Idaho Library Special Collections and Archives Department. For other uses beyond free use, please contact University of Idaho Library Special Collections and Archives Department at libspec@uidaho.edu.",https://rightsstatements.org/vocab/InC-EDU/1.0/,,eng,
pn_1968_sb_32,/objects/sbsi.jpg,Program Girls for the Ballet,,,,,4/19/1968,no,17,Shoe Bird;Ballet,"Jackson, Mississippi",32.298756,-90.184807,Clarion-Ledger,Newspapers.com,,"Educational use includes non-commercial use of text and images in materials for teaching and research purposes. Digital reproduction permissions granted by University of Idaho Library Special Collections and Archives Department. For other uses beyond free use, please contact University of Idaho Library Special Collections and Archives Department at libspec@uidaho.edu.",https://rightsstatements.org/vocab/InC-EDU/1.0/,,eng,
pn_1968_sb_33,/objects/sbsi.jpg,Jackson Honors Her Own with Premiere of Ballet,,,Jean Culbertson,,4/21/1968,no,12,Shoe Bird;Ballet,"Jackson, Mississippi",32.298756,-90.184807,Clarion-Ledger,Newspapers.com,,"Educational use includes non-commercial use of text and images in materials for teaching and research purposes. Digital reproduction permissions granted by University of Idaho Library Special Collections and Archives Department. For other uses beyond free use, please contact University of Idaho Library Special Collections and Archives Department at libspec@uidaho.edu.",https://rightsstatements.org/vocab/InC-EDU/1.0/,,eng,
pn_1968_sb_34,/objects/sbsi.jpg,Ballet World Premiere Followed by Reception,,,,,4/23/1968,no,13,Shoe Bird;Ballet,"Jackson, Mississippi",32.298756,-90.184807,Clarion-Ledger,Newspapers.com,,"Educational use includes non-commercial use of text and images in materials for teaching and research purposes. Digital reproduction permissions granted by University of Idaho Library Special Collections and Archives Department. For other uses beyond free use, please contact University of Idaho Library Special Collections and Archives Department at libspec@uidaho.edu.",https://rightsstatements.org/vocab/InC-EDU/1.0/,,eng,
pn_1968_sb_35,/objects/sbsi.jpg,Old Capital Collection on Display at Festival,,,,,4/25/1968,no,53,"Shoe Bird;Photographs, Exhibit","Jackson, Mississippi",32.298756,-90.184807,Clarion-Ledger,Newspapers.com,,"Educational use includes non-commercial use of text and images in materials for teaching and research purposes. Digital reproduction permissions granted by University of Idaho Library Special Collections and Archives Department. For other uses beyond free use, please contact University of Idaho Library Special Collections and Archives Department at libspec@uidaho.edu.",https://rightsstatements.org/vocab/InC-EDU/1.0/,,eng,
pn_1968_sb_36,/objects/sbsi.jpg,"Second World Premiere; Charming 'Shoe Bird""",,,Louis Dollarhide,,4/28/1968,no,54,Shoe Bird;Ballet,"Jackson, Mississippi",32.298756,-90.184807,Clarion-Ledger,Newspapers.com,,"Educational use includes non-commercial use of text and images in materials for teaching and research purposes. Digital reproduction permissions granted by University of Idaho Library Special Collections and Archives Department. For other uses beyond free use, please contact University of Idaho Library Special Collections and Archives Department at libspec@uidaho.edu.",https://rightsstatements.org/vocab/InC-EDU/1.0/,,eng,
pn_1969_sb_37,/objects/sbsi.jpg,Mrs. Cecil E. Inman Jr. Designs Ballet Costumes,,,,,3/11/1969,no,11,Shoe Bird;Ballet,"Jackson, Mississippi",32.298756,-90.184807,Clarion-Ledger,Newspapers.com,,"Educational use includes non-commercial use of text and images in materials for teaching and research purposes. Digital reproduction permissions granted by University of Idaho Library Special Collections and Archives Department. For other uses beyond free use, please contact University of Idaho Library Special Collections and Archives Department at libspec@uidaho.edu.",https://rightsstatements.org/vocab/InC-EDU/1.0/,,eng,
pn_1971_sb_38,/objects/sbsi.jpg,"Old Shoes, Old Book Displayed",,,,,9/12/1971,no,3,Shoe Bird;Exhibit,"Jackson, Mississippi",32.298756,-90.184807,Clarion-Ledger,Newspapers.com,,"Educational use includes non-commercial use of text and images in materials for teaching and research purposes. Digital reproduction permissions granted by University of Idaho Library Special Collections and Archives Department. For other uses beyond free use, please contact University of Idaho Library Special Collections and Archives Department at libspec@uidaho.edu.",https://rightsstatements.org/vocab/InC-EDU/1.0/,,eng,
pn_1993_sb_39,/objects/sbsi.jpg,Children's Book by Eudora Welty will be Reprinted,,,,,6/18/1993,no,16,Shoe Bird,"Jackson, Mississippi",32.298756,-90.184807,Clarion-Ledger,Newspapers.com,,"Educational use includes non-commercial use of text and images in materials for teaching and research purposes. Digital reproduction permissions granted by University of Idaho Library Special Collections and Archives Department. For other uses beyond free use, please contact University of Idaho Library Special Collections and Archives Department at libspec@uidaho.edu.",https://rightsstatements.org/vocab/InC-EDU/1.0/,,eng,
pn_1993_sb_40,/objects/sbsi.jpg,Ask Jack Sunn,,,,,10/7/1993,no,22,Shoe Bird,"Jackson, Mississippi",32.298756,-90.184807,Clarion-Ledger,Newspapers.com,,"Educational use includes non-commercial use of text and images in materials for teaching and research purposes. Digital reproduction permissions granted by University of Idaho Library Special Collections and Archives Department. For other uses beyond free use, please contact University of Idaho Library Special Collections and Archives Department at libspec@uidaho.edu.",https://rightsstatements.org/vocab/InC-EDU/1.0/,,eng,
pn_1993_sb_41,/objects/sbsi.jpg,Welty's 'Shoe Bird' Soars a Wider Sky with New Edition,,,Leslie R. Myers,,11/14/1993,no,68,Shoe Bird;Review,"Jackson, Mississippi",32.298756,-90.184807,Clarion-Ledger,Newspapers.com,,"Educational use includes non-commercial use of text and images in materials for teaching and research purposes. Digital reproduction permissions granted by University of Idaho Library Special Collections and Archives Department. For other uses beyond free use, please contact University of Idaho Library Special Collections and Archives Department at libspec@uidaho.edu.",https://rightsstatements.org/vocab/InC-EDU/1.0/,,eng,
pn_1993_sb_42,/objects/sbsi.jpg,Ms. Welty's Only Book Written for Children,,,,,12/24/1993,no,6,Shoe Bird;Advertisement,"Jackson, Mississippi",32.298756,-90.184807,Clarion-Ledger,Newspapers.com,,"Educational use includes non-commercial use of text and images in materials for teaching and research purposes. Digital reproduction permissions granted by University of Idaho Library Special Collections and Archives Department. For other uses beyond free use, please contact University of Idaho Library Special Collections and Archives Department at libspec@uidaho.edu.",https://rightsstatements.org/vocab/InC-EDU/1.0/,,eng,
pn_2001_sb_43,/objects/sbsi.jpg,Choir Auditions,,,,,6/3/2001,no,14,"Shoe Bird;Boychoir, Symphony","Jackson, Mississippi",32.298756,-90.184807,Clarion-Ledger,Newspapers.com,,"Educational use includes non-commercial use of text and images in materials for teaching and research purposes. Digital reproduction permissions granted by University of Idaho Library Special Collections and Archives Department. For other uses beyond free use, please contact University of Idaho Library Special Collections and Archives Department at libspec@uidaho.edu.",https://rightsstatements.org/vocab/InC-EDU/1.0/,,eng,
pn_2001_sb_44,/objects/sbsi.jpg,Choir Auditions,,,,,5/9/2001,no,64,"Shoe Bird;Boychoir, Symphony","Jackson, Mississippi",32.298756,-90.184807,Clarion-Ledger,Newspapers.com,,"Educational use includes non-commercial use of text and images in materials for teaching and research purposes. Digital reproduction permissions granted by University of Idaho Library Special Collections and Archives Department. For other uses beyond free use, please contact University of Idaho Library Special Collections and Archives Department at libspec@uidaho.edu.",https://rightsstatements.org/vocab/InC-EDU/1.0/,,eng,
pn_2002_sb_45,/objects/sbsi.jpg,Student Center Dedication Set,,,Andy Kanengiser,,1/30/2002,no,14,Shoe Bird;Cafe,"Jackson, Mississippi",32.298756,-90.184807,Clarion-Ledger,Newspapers.com,,"Educational use includes non-commercial use of text and images in materials for teaching and research purposes. Digital reproduction permissions granted by University of Idaho Library Special Collections and Archives Department. For other uses beyond free use, please contact University of Idaho Library Special Collections and Archives Department at libspec@uidaho.edu.",https://rightsstatements.org/vocab/InC-EDU/1.0/,,eng,
pn_2002_sb_46,/objects/sbsi.jpg,"Music, Literature Come Together for Miss. Boychoir Concerts",,,Julie Whitehead,,3/17/2002,no,63,"Shoe Bird;Boychoir, Symphony","Jackson, Mississippi",32.298756,-90.184807,Clarion-Ledger,Newspapers.com,,"Educational use includes non-commercial use of text and images in materials for teaching and research purposes. Digital reproduction permissions granted University of Idaho Library Special Collections and Archives Department. For other uses beyond free use, please contact University of Idaho Library Special Collections and Archives Department at libspec@uidaho.edu.",https://rightsstatements.org/vocab/InC-EDU/1.0/,,eng,
pn_2002_sb_47,/objects/sbsi.jpg,Eudora's Fable The Shoe Bird,,,,,3/17/2002,no,67,"Shoe Bird;Boychoir, Symphony","Jackson, Mississippi",32.298756,-90.184807,Clarion-Ledger,Newspapers.com,,"Educational use includes non-commercial use of text and images in materials for teaching and research purposes. Digital reproduction permissions granted by University of Idaho Library Special Collections and Archives Department. For other uses beyond free use, please contact University of Idaho Library Special Collections and Archives Department at libspec@uidaho.edu.",https://rightsstatements.org/vocab/InC-EDU/1.0/,,eng,
pn_2012_sb_48,/objects/sbsi.jpg,Birthday Celebration at Welty House,,,,,4/12/2012,no,26,"Shoe Bird;Boychoir, Symphony","Jackson, Mississippi",32.298756,-90.184807,Clarion-Ledger,Newspapers.com,,"Educational use includes non-commercial use of text and images in materials for teaching and research purposes. Digital reproduction permissions granted by University of Idaho Library Special Collections and Archives Department. For other uses beyond free use, please contact University of Idaho Library Special Collections and Archives Department at libspec@uidaho.edu.",https://rightsstatements.org/vocab/InC-EDU/1.0/,,eng,
pn_1967_sb_49,/objects/sbsi.jpg,Welty's 'Shoe Bird' Chosen for Review,,,,,4/23/1967,no,86,Shoe Bird;Book Club,"Memphis, Tennessee",35.1406175,-90.0536592,Commercial Appeal,Genealogy Bank,,"Educational use includes non-commercial use of text and images in materials for teaching and research purposes. Digital reproduction permissions granted by University of Idaho Library Special Collections and Archives Department. For other uses beyond free use, please contact University of Idaho Library Special Collections and Archives Department at libspec@uidaho.edu.",https://rightsstatements.org/vocab/InC-EDU/1.0/,,eng,
pn_2002_sb_50,/objects/sbsi.jpg,Stage Scene,,,,,10/25/2002,no,63,Shoe Bird;Symphony,"Memphis, Tennessee",35.1406175,-90.0536592,Commercial Appeal,Genealogy Bank,,"Educational use includes non-commercial use of text and images in materials for teaching and research purposes. Digital reproduction permissions granted by University of Idaho Library Special Collections and Archives Department. For other uses beyond free use, please contact University of Idaho Library Special Collections and Archives Department at libspec@uidaho.edu.",https://rightsstatements.org/vocab/InC-EDU/1.0/,,eng,
pn_1965_sb_51,/objects/sbsi.jpg,Book Week Winners,,,,,11/22/1965,no,1,Shoe Bird;Library,"Fredericton, New Brunswick, Canada",45.92107922,-66.63669265,Daily Gleaner,Newspapers.com,,"Educational use includes non-commercial use of text and images in materials for teaching and research purposes. Digital reproduction permissions granted by University of Idaho Library Special Collections and Archives Department. For other uses beyond free use, please contact University of Idaho Library Special Collections and Archives Department at libspec@uidaho.edu.",https://rightsstatements.org/vocab/InC-EDU/1.0/,,eng,
pn_1964_sb_52,/objects/sbsi.jpg,Books - The Gates to a Wonderous World,,,Virginia McManis,,12/9/1964,no,63,Shoe Bird;Review,"Detroit, Michigan",42.19424,-83.3177,Detroit News,Genealogy Bank,,"Educational use includes non-commercial use of text and images in materials for teaching and research purposes. Digital reproduction permissions granted by University of Idaho Library Special Collections and Archives Department. For other uses beyond free use, please contact University of Idaho Library Special Collections and Archives Department at libspec@uidaho.edu.",https://rightsstatements.org/vocab/InC-EDU/1.0/,,eng,
pn_1965_sb_53,/objects/sbsi.jpg,Library Week Marked in Various Ways Here,,,Jo Anne Crossley,,4/29/1965,no,9,Shoe Bird;Library,"McComb, Mississippi",31.2058,-90.4009,Enterprise-Journal,Newspapers.com,,"Educational use includes non-commercial use of text and images in materials for teaching and research purposes. Digital reproduction permissions granted University of Idaho Library Special Collections and Archives Department. For other uses beyond free use, please contact University of Idaho Library Special Collections and Archives Department at libspec@uidaho.edu.",https://rightsstatements.org/vocab/InC-EDU/1.0/,,eng,
pn_1993_sb_54,/objects/sbsi.jpg,Welty's Kid Book More than a Party for the Birds,,,Ernest Herndon,,11/3/1993,no,11,Shoe Bird;Review,"McComb, Mississippi",31.2058,-90.4009,Enterprise-Journal,Newspapers.com,,"Educational use includes non-commercial use of text and images in materials for teaching and research purposes. Digital reproduction permissions granted University of Idaho Library Special Collections and Archives Department. For other uses beyond free use, please contact University of Idaho Library Special Collections and Archives Department at libspec@uidaho.edu.",https://rightsstatements.org/vocab/InC-EDU/1.0/,,eng,
pn_2004_sb_55,/objects/sbsi.jpg,Dance Theatre of Oregon Presents The Shoe Bird,,,,,11/14/2004,no,G5,Shoe Bird;Theater,"Eugene, Oregon",44.030182,-123.054218,Register-Guard,Google,,"Educational use includes non-commercial use of text and images in materials for teaching and research purposes. Digital reproduction permissions granted University of Idaho Library Special Collections and Archives Department. For other uses beyond free use, please contact University of Idaho Library Special Collections and Archives Department at libspec@uidaho.edu.",https://rightsstatements.org/vocab/InC-EDU/1.0/,,eng,
pn_1964_sb_56,/objects/sbsi.jpg,Biggest News,,,,,10/31/1964,no,4,Shoe Bird;Review,"Greensboro, North Carolina",35.9913,-79.7617,Greensboro Record,Genealogy Bank,,"Educational use includes non-commercial use of text and images in materials for teaching and research purposes. Digital reproduction permissions granted University of Idaho Library Special Collections and Archives Department. For other uses beyond free use, please contact University of Idaho Library Special Collections and Archives Department at libspec@uidaho.edu.",https://rightsstatements.org/vocab/InC-EDU/1.0/,,eng,
pn_1964_sb_57,/objects/sbsi.jpg,Shoes are for the Birds,,,,,11/1/1964,no,250,Shoe Bird;Review,"Hartford, Connecticut",41.7672,-72.6729,Hartford Courant,Newspapers.com,,"Educational use includes non-commercial use of text and images in materials for teaching and research purposes. Digital reproduction permissions granted by University of Idaho Library Special Collections and Archives Department. For other uses beyond free use, please contact University of Idaho Library Special Collections and Archives Department at libspec@uidaho.edu.",https://rightsstatements.org/vocab/InC-EDU/1.0/,,eng,
pn_1968_sb_58,/objects/sbsi.jpg,All-Mississippi Ballet to be Premiered April 20 in Jackson,,,,,4/13/1968,no,14,Shoe Bird;Ballet,"Hattiesburg, Mississippi",31.2411,-89.2723,Hattiesburg American,Newspaper Archive,,"Educational use includes non-commercial use of text and images in materials for teaching and research purposes. Digital reproduction permissions granted by University of Idaho Library Special Collections and Archives Department. For other uses beyond free use, please contact University of Idaho Library Special Collections and Archives Department at libspec@uidaho.edu.",https://rightsstatements.org/vocab/InC-EDU/1.0/,,eng,
pn_1993_sb_59,/objects/sbsi.jpg,For the Birds,,,Rebecca Sallee,,10/31/1993,no,116,Shoe Bird;Review,"Huntsville, Alabama",34.72497,-86.56304,Huntsville Times,Genealogy Bank,,"Educational use includes non-commercial use of text and images in materials for teaching and research purposes. Digital reproduction permissions granted by University of Idaho Library Special Collections and Archives Department. For other uses beyond free use, please contact University of Idaho Library Special Collections and Archives Department at libspec@uidaho.edu.",https://rightsstatements.org/vocab/InC-EDU/1.0/,,eng,
pn_2004_sb_60,/objects/sbsi.jpg,If Shoes Could Fly,,,Paul Denison,,11/14/2004,no,G3,Shoe Bird;Theater,"Eugene, Oregon",44.1408,-123.0814,Register-Guard,Google,,"Educational use includes non-commercial use of text and images in materials for teaching and research purposes. Digital reproduction permissions granted University of Idaho Library Special Collections and Archives Department. For other uses beyond free use, please contact University of Idaho Library Special Collections and Archives Department at libspec@uidaho.edu.",https://rightsstatements.org/vocab/InC-EDU/1.0/,,eng,
pn_1964_sb_61,/objects/sbsi.jpg,Eudora Welty's First Book for Children,,,,,11/7/1964,no,249,Shoe Bird;Advertisement,"New York, New York",40.712776,-74.005974,New Yorker,New Yorker Archive,,"Educational use includes non-commercial use of text and images in materials for teaching and research purposes. Digital reproduction permissions granted by University of Idaho Library Special Collections and Archives Department. For other uses beyond free use, please contact University of Idaho Library Special Collections and Archives Department at libspec@uidaho.edu.",https://rightsstatements.org/vocab/InC-EDU/1.0/,,eng,
pn_1964_sb_62,/objects/sbsi.jpg,Books Now and Not-Now,,,Emily Maxwell,,12/5/1964,no,207,Shoe Bird;Review,"New York, New York",40.712776,-74.005974,New Yorker,New Yorker Archive,,"Educational use includes non-commercial use of text and images in materials for teaching and research purposes. Digital reproduction permissions granted University of Idaho Library Special Collections and Archives Department. For other uses beyond free use, please contact University of Idaho Library Special Collections and Archives Department at libspec@uidaho.edu.",https://rightsstatements.org/vocab/InC-EDU/1.0/,,eng,
pn_1998_sb_63,/objects/sbsi.jpg,A New Dance Venture,,,Cerinda Survant,,2/13/1998,no,182,Shoe Bird;Theater,"Portland, Oregon",45.512794,-122.679565,Oregonian,Genealogy Bank,,"Educational use includes non-commercial use of text and images in materials for teaching and research purposes. Digital reproduction permissions granted by University of Idaho Library Special Collections and Archives Department. For other uses beyond free use, please contact University of Idaho Library Special Collections and Archives Department at libspec@uidaho.edu.",https://rightsstatements.org/vocab/InC-EDU/1.0/,,eng,
pn_1964_sb_64,/objects/sbsi.jpg,Christmas Ideas for Young Readers,,,Barbara Value,,11/15/1964,no,187,Shoe Bird;Review,"Providence, Rhode Island",41.82434,-71.41549,Providence Journal,Genealogy Bank,,"Educational use includes non-commercial use of text and images in materials for teaching and research purposes. Digital reproduction permissions granted by University of Idaho Library Special Collections and Archives Department. For other uses beyond free use, please contact University of Idaho Library Special Collections and Archives Department at libspec@uidaho.edu.",https://rightsstatements.org/vocab/InC-EDU/1.0/,,eng,
pn_1964_sb_65,/objects/sbsi.jpg,For Younger Readers,,,,,11/8/1964,no,13,Shoe Bird;Review,"Rocky Mount, North Carolina",35.9873,-77.8485,Rocky Mount Evening Telegram,Newspaper Archive,,"Educational use includes non-commercial use of text and images in materials for teaching and research purposes. Digital reproduction permissions granted by University of Idaho Library Special Collections and Archives Department. For other uses beyond free use, please contact University of Idaho Library Special Collections and Archives Department at libspec@uidaho.edu.",https://rightsstatements.org/vocab/InC-EDU/1.0/,,eng,
pn_1964_sb_66,/objects/sbsi.jpg,Riding High With Great Fall Books!,,,,,11/8/1964,no,115,Shoe Bird;Advertisement,"San Francisco, California",37.7755,-122.4129,San Francisco Chronicle,Genealogy Bank,,"Educational use includes non-commercial use of text and images in materials for teaching and research purposes. Digital reproduction permissions granted University of Idaho Library Special Collections and Archives Department. For other uses beyond free use, please contact University of Idaho Library Special Collections and Archives Department at libspec@uidaho.edu.",https://rightsstatements.org/vocab/InC-EDU/1.0/,,eng,
pn_1964_sb_67,/objects/sbsi.jpg,A Checklst - Books of Fact and Fancy,,,,,11/8/1964,no,121,Shoe Bird;Review,"San Francisco, California",37.7755,-122.4129,San Francisco Chronicle,Genealogy Bank,,"Educational use includes non-commercial use of text and images in materials for teaching and research purposes. Digital reproduction permissions granted by University of Idaho Library Special Collections and Archives Department. For other uses beyond free use, please contact University of Idaho Library Special Collections and Archives Department at libspec@uidaho.edu.",https://rightsstatements.org/vocab/InC-EDU/1.0/,,eng,
pn_2008_sb_68,/objects/sbsi.jpg,Meet the Composer,,,,,10/10/2008,no,75,Shoe Bird;Symphony,"Seattle, Washington",47.6135,-122.3474,Seattle Post-Intelligencer,Genealogy Bank,,"Educational use includes non-commercial use of text and images in materials for teaching and research purposes. Digital reproduction permissions granted by University of Idaho Library Special Collections and Archives Department. For other uses beyond free use, please contact University of Idaho Library Special Collections and Archives Department at libspec@uidaho.edu.",https://rightsstatements.org/vocab/InC-EDU/1.0/,,eng,
pn_2008_sb_69,/objects/sbsi.jpg,Meet the Composer,,,,,10/17/2008,no,83,Shoe Bird;Symphony,"Seattle, Washington",47.6135,-122.3474,Seattle Post-Intelligencer,Genealogy Bank,,"Educational use includes non-commercial use of text and images in materials for teaching and research purposes. Digital reproduction permissions granted by University of Idaho Library Special Collections and Archives Department. For other uses beyond free use, please contact University of Idaho Library Special Collections and Archives Department at libspec@uidaho.edu.",https://rightsstatements.org/vocab/InC-EDU/1.0/,,eng,
pn_2008_sb_70,/objects/sbsi.jpg,Symphony's New 'Discover Music!' Season Takes Off with 'The Shoe Bird',,,Doree Armstrong,,10/31/2008,no,81,Shoe Bird;Symphony,"Seattle, Washington",47.6135,-122.3474,Seattle Post-Intelligencer,Genealogy Bank,,"Educational use includes non-commercial use of text and images in materials for teaching and research purposes. Digital reproduction permissions granted by University of Idaho Library Special Collections and Archives Department. For other uses beyond free use, please contact University of Idaho Library Special Collections and Archives Department at libspec@uidaho.edu.",https://rightsstatements.org/vocab/InC-EDU/1.0/,,eng,
pn_2008_sb_71,/objects/sbsi.jpg,Seattle Symphony CDS Now on Sale,,,,,11/27/2008,no,97,Shoe Bird;Symphony,"Seattle, Washington",47.6135,-122.3474,Seattle Post-Intelligencer,Genealogy Bank,,"Educational use includes non-commercial use of text and images in materials for teaching and research purposes. Digital reproduction permissions granted by University of Idaho Library Special Collections and Archives Department. For other uses beyond free use, please contact University of Idaho Library Special Collections and Archives Department at libspec@uidaho.edu.",https://rightsstatements.org/vocab/InC-EDU/1.0/,,eng,
pn_2008_sb_72,/objects/sbsi.jpg,Classical Music,,,,,12/5/2008,no,43,Shoe Bird;Symphony,"Seattle, Washington",47.6135,-122.3474,Seattle Post-Intelligencer,Genealogy Bank,,"Educational use includes non-commercial use of text and images in materials for teaching and research purposes. Digital reproduction permissions granted by University of Idaho Library Special Collections and Archives Department. For other uses beyond free use, please contact University of Idaho Library Special Collections and Archives Department at libspec@uidaho.edu.",https://rightsstatements.org/vocab/InC-EDU/1.0/,,eng,
pn_1964_sb_73,/objects/sbsi.jpg,Books for Boys and Girls,,,Jan Fairservis,,11/1/1964,no,74,Shoe Bird;Review,"Springfield, Massachusets",42.106047,-72.592936,Springfield Union,Genealogy Bank,,"Educational use includes non-commercial use of text and images in materials for teaching and research purposes. Digital reproduction permissions granted by University of Idaho Library Special Collections and Archives Department. For other uses beyond free use, please contact University of Idaho Library Special Collections and Archives Department at libspec@uidaho.edu.",https://rightsstatements.org/vocab/InC-EDU/1.0/,,eng,
pn_2009_sb_74,/objects/sbsi.jpg,The Shoe Bird,,,,,11/12/2009,no,28,Shoe Bird;Symphony,"Syracuse, New York",43.0431,-76.1506,Syracuse Post-Standard,Newspaper Archive,,"Educational use includes non-commercial use of text and images in materials for teaching and research purposes. Digital reproduction permissions granted by University of Idaho Library Special Collections and Archives Department. For other uses beyond free use, please contact University of Idaho Library Special Collections and Archives Department at libspec@uidaho.edu.",https://rightsstatements.org/vocab/InC-EDU/1.0/,,eng,
pn_2009_sb_75,/objects/sbsi.jpg,Eudora's Fable: The Shoe Bird,,,,,11/12/2009,no,47,Shoe Bird;Symphony,"Syracuse, New York",43.0431,-76.1506,Syracuse Post-Standard,Newspaper Archive,,"Educational use includes non-commercial use of text and images in materials for teaching and research purposes. Digital reproduction permissions granted by University of Idaho Library Special Collections and Archives Department. For other uses beyond free use, please contact University of Idaho Library Special Collections and Archives Department at libspec@uidaho.edu.",https://rightsstatements.org/vocab/InC-EDU/1.0/,,eng,
pn_2009_sb_76,/objects/sbsi.jpg,Eudora's Fable: The Shoe Bird,,,,,11/8/2009,no,107,Shoe Bird;Symphony,"Syracuse, New York",43.0431,-76.1506,Syracuse Post-Standard,Newspaper Archive,,"Educational use includes non-commercial use of text and images in materials for teaching and research purposes. Digital reproduction permissions granted by University of Idaho Library Special Collections and Archives Department. For other uses beyond free use, please contact University of Idaho Library Special Collections and Archives Department at libspec@uidaho.edu.",https://rightsstatements.org/vocab/InC-EDU/1.0/,,eng,
pn_2009_sb_77,/objects/sbsi.jpg,Eudora's Fable: The Shoe Bird,,,,,11/9/2009,no,80,Shoe Bird;Symphony,"Syracuse, New York",43.0431,-76.1506,Syracuse Post-Standard,Newspaper Archive,,"Educational use includes non-commercial use of text and images in materials for teaching and research purposes. Digital reproduction permissions granted by University of Idaho Library Special Collections and Archives Department. For other uses beyond free use, please contact University of Idaho Library Special Collections and Archives Department at libspec@uidaho.edu.",https://rightsstatements.org/vocab/InC-EDU/1.0/,,eng,
pn_2009_sb_78,/objects/sbsi.jpg,The Shoe Bird,,,,,11/12/2009,no,28,Shoe Bird;Symphony,"Syracuse, New York",43.0431,-76.1506,Syracuse Post-Standard,Newspaper Archive,,"Educational use includes non-commercial use of text and images in materials for teaching and research purposes. Digital reproduction permissions granted by University of Idaho Library Special Collections and Archives Department. For other uses beyond free use, please contact University of Idaho Library Special Collections and Archives Department at libspec@uidaho.edu.",https://rightsstatements.org/vocab/InC-EDU/1.0/,,eng,
pn_1964_sb_79,/objects/sbsi.jpg,Biggest News,,,,,11/1/1964,no,11,Shoe Bird;Review,"Chapel Hill, North Carolina",35.9132,-79.0558,Chapel Hill News,Newspapers.com,,"Educational use includes non-commercial use of text and images in materials for teaching and research purposes. Digital reproduction permissions granted by University of Idaho Library Special Collections and Archives Department. For other uses beyond free use, please contact University of Idaho Library Special Collections and Archives Department at libspec@uidaho.edu.",https://rightsstatements.org/vocab/InC-EDU/1.0/,,eng,
pn_1965_sb_80,/objects/sbsi.jpg,Notes Around,,,,,2/28/1965,no,32,Shoe Bird;Notice,"Charlotte, North Carolina",35.2205154,-80.8442504,Charlotte Observer,Newspapers.com,,"Educational use includes non-commercial use of text and images in materials for teaching and research purposes. Digital reproduction permissions granted by University of Idaho Library Special Collections and Archives Department. For other uses beyond free use, please contact University of Idaho Library Special Collections and Archives Department at libspec@uidaho.edu.",https://rightsstatements.org/vocab/InC-EDU/1.0/,,eng,
pn_1964_sb_81,/objects/sbsi.jpg,The Shoe Bird,,,,,11/3/1964,no,44,Shoe Bird;Review,"Cleveland, Ohio",41.2957,-81.4141,Cleveland Press,Newspapers.com,,"Educational use includes non-commercial use of text and images in materials for teaching and research purposes. Digital reproduction permissions granted by University of Idaho Library Special Collections and Archives Department. For other uses beyond free use, please contact University of Idaho Library Special Collections and Archives Department at libspec@uidaho.edu.",https://rightsstatements.org/vocab/InC-EDU/1.0/,,eng,
pn_1964_sb_82,/objects/sbsi.jpg,The Shoe Bird,,,,,11/3/1964,no,49,Shoe Bird;Review,"Cleveland, Ohio",41.2957,-81.4141,Cleveland Press,Newspapers.com,,"Educational use includes non-commercial use of text and images in materials for teaching and research purposes. Digital reproduction permissions granted by University of Idaho Library Special Collections and Archives Department. For other uses beyond free use, please contact University of Idaho Library Special Collections and Archives Department at libspec@uidaho.edu.",https://rightsstatements.org/vocab/InC-EDU/1.0/,,eng,
pn_1964_sb_83,/objects/sbsi.jpg,The Shoe Bird,,,,,9/26/1964,no,5,Shoe Bird;Review,"Doylestown, Pennsylvania",40.3167087,-75.1346555,Daily Intelligencer,Newspapers.com,,"Educational use includes non-commercial use of text and images in materials for teaching and research purposes. Digital reproduction permissions granted by University of Idaho Library Special Collections and Archives Department. For other uses beyond free use, please contact University of Idaho Library Special Collections and Archives Department at libspec@uidaho.edu.",https://rightsstatements.org/vocab/InC-EDU/1.0/,,eng,
pn_1964_sb_84,/objects/sbsi.jpg,The Shoe Bird,,,,,10/18//1964,no,16,Shoe Bird;Advertisement,"Greenville, Mississippi",33.2396,-91.0032,Delta Democrat-Times,Newspapers.com,,"Educational use includes non-commercial use of text and images in materials for teaching and research purposes. Digital reproduction permissions granted by University of Idaho Library Special Collections and Archives Department. For other uses beyond free use, please contact University of Idaho Library Special Collections and Archives Department at libspec@uidaho.edu.",https://rightsstatements.org/vocab/InC-EDU/1.0/,,eng,
pn_1964_sb_85,/objects/sbsi.jpg,Moving Away from Greenville,,,,,12/6/1964,no,24,Shoe Bird;Review,"Greenville, Mississippi",33.2396,-91.0032,Delta Democrat-Times,Newspapers.com,,"Educational use includes non-commercial use of text and images in materials for teaching and research purposes. Digital reproduction permissions granted by University of Idaho Library Special Collections and Archives Department. For other uses beyond free use, please contact University of Idaho Library Special Collections and Archives Department at libspec@uidaho.edu.",https://rightsstatements.org/vocab/InC-EDU/1.0/,,eng,
pn_1965_sb_86,/objects/sbsi.jpg,Juvenile Titles More Interesting than Adult Ones,,,,,7/11/1965,no,27,Shoe Bird;Review,"Jackson, Tennessee",35.6159072,-88.8230467,Jackson Sun,Newspapers.com,,"Educational use includes non-commercial use of text and images in materials for teaching and research purposes. Digital reproduction permissions granted by University of Idaho Library Special Collections and Archives Department. For other uses beyond free use, please contact University of Idaho Library Special Collections and Archives Department at libspec@uidaho.edu.",https://rightsstatements.org/vocab/InC-EDU/1.0/,,eng,
pn_1964_sb_87,/objects/sbsi.jpg,Enticements,,,,,11/1/1964,no,501,Shoe Bird;Review,"Los Angeles, California",33.9304191,-118.3822827,Los Angeles Times,Newspapers.com,,"Educational use includes non-commercial use of text and images in materials for teaching and research purposes. Digital reproduction permissions granted by University of Idaho Library Special Collections and Archives Department. For other uses beyond free use, please contact University of Idaho Library Special Collections and Archives Department at libspec@uidaho.edu.",https://rightsstatements.org/vocab/InC-EDU/1.0/,,eng,
pn_1964_sb_88,/objects/sbsi.jpg,Books for Boys and Girls,,,Jan Fairservis,,11/1/1964,no,74,Shoe Bird;Review,"Springfield, Massachusets",42.1055862,-90.16083212,Morning Union,Newspapers.com,,"Educational use includes non-commercial use of text and images in materials for teaching and research purposes. Digital reproduction permissions granted by University of Idaho Library Special Collections and Archives Department. For other uses beyond free use, please contact University of Idaho Library Special Collections and Archives Department at libspec@uidaho.edu.",https://rightsstatements.org/vocab/InC-EDU/1.0/,,eng,
pn_1964_sb_89,/objects/sbsi.jpg,Variety of Books for Young of Age and Young of Heart,,,Lucy Daniels Inman,,12/6/1964,no,49,Shoe Bird;Review,"Raleigh, North Carolina",35.7743466,-78.6387759,News and Observer,Newspapers.com,,"Educational use includes non-commercial use of text and images in materials for teaching and research purposes. Digital reproduction permissions granted by University of Idaho Library Special Collections and Archives Department. For other uses beyond free use, please contact University of Idaho Library Special Collections and Archives Department at libspec@uidaho.edu.",https://rightsstatements.org/vocab/InC-EDU/1.0/,,eng,
pn_1965_sb_90,/objects/sbsi.jpg,Delightful Story is The Shoe Bird by Eudora Welty,,,,,6/16/1965,no,2,Shoe Bird;Review,"Newton, Mississippi",32.3234916,-89.1622036,Newton Record,Newspapers.com,,"Educational use includes non-commercial use of text and images in materials for teaching and research purposes. Digital reproduction permissions granted by University of Idaho Library Special Collections and Archives Department. For other uses beyond free use, please contact University of Idaho Library Special Collections and Archives Department at libspec@uidaho.edu.",https://rightsstatements.org/vocab/InC-EDU/1.0/,,eng,
pn_1993_sb_91,/objects/sbsi.jpg,Books,,,,,12/2/1993,no,18,Shoe Bird;Notice,"Jackson, Mississippi",32.3806524,-90.1549442,Northside Sun,Newspapers.com,,"Educational use includes non-commercial use of text and images in materials for teaching and research purposes. Digital reproduction permissions granted by University of Idaho Library Special Collections and Archives Department. For other uses beyond free use, please contact University of Idaho Library Special Collections and Archives Department at libspec@uidaho.edu.",https://rightsstatements.org/vocab/InC-EDU/1.0/,,eng,
pn_1994_sb_92,/objects/sbsi.jpg,Children's Books,,,Ann Waldron,,7/3/1994,no,48,Shoe Bird;Review,"Philadelphia, Pennsylvania",39.9501489,-75.1509986,Philadelphia Inquirer,Newspapers.com,,"Educational use includes non-commercial use of text and images in materials for teaching and research purposes. Digital reproduction permissions granted by University of Idaho Library Special Collections and Archives Department. For other uses beyond free use, please contact University of Idaho Library Special Collections and Archives Department at libspec@uidaho.edu.",https://rightsstatements.org/vocab/InC-EDU/1.0/,,eng,
pn_1964_sb_93,/objects/sbsi.jpg,"Arturo, the Parrot",,,,,11/29/1964,no,94,Shoe Bird;Review,"Pittsburgh, Pennsylvania",40.4461744,-80.0111552,Pittsburgh Press,Newspapers.com,,"Educational use includes non-commercial use of text and images in materials for teaching and research purposes. Digital reproduction permissions granted by University of Idaho Library Special Collections and Archives Department. For other uses beyond free use, please contact University of Idaho Library Special Collections and Archives Department at libspec@uidaho.edu.",https://rightsstatements.org/vocab/InC-EDU/1.0/,,eng,
pn_1964_sb_94,/objects/sbsi.jpg,Golden Apples of the Fall,,,Margaret Sherwood Libby,,11/1/1964,no,224,Shoe Bird;Review,"San Francisco, California",37.7755,-122.4129,San Francisco Examiner,Newspapers.com,,"Educational use includes non-commercial use of text and images in materials for teaching and research purposes. Digital reproduction permissions granted by University of Idaho Library Special Collections and Archives Department. For other uses beyond free use, please contact University of Idaho Library Special Collections and Archives Department at libspec@uidaho.edu.",https://rightsstatements.org/vocab/InC-EDU/1.0/,,eng,
pn_1964_sb_95,/objects/sbsi.jpg,Imaginations Unlimited,,,,,11/1/1964,no,256,Shoe Bird;Review,"San Francisco, California",37.7755,-122.4129,San Francisco Examiner,Newspapers.com,,"Educational use includes non-commercial use of text and images in materials for teaching and research purposes. Digital reproduction permissions granted by University of Idaho Library Special Collections and Archives Department. For other uses beyond free use, please contact University of Idaho Library Special Collections and Archives Department at libspec@uidaho.edu.",https://rightsstatements.org/vocab/InC-EDU/1.0/,,eng,
pn_1964_sb_96,/objects/sbsi.jpg,Fantasy 9-12 Years,,,,,12/6/1964,no,280,Shoe Bird;Review,"San Francisco, California",37.7755,-122.4129,San Francisco Examiner,Newspapers.com,,"Educational use includes non-commercial use of text and images in materials for teaching and research purposes. Digital reproduction permissions granted by University of Idaho Library Special Collections and Archives Department. For other uses beyond free use, please contact University of Idaho Library Special Collections and Archives Department at libspec@uidaho.edu.",https://rightsstatements.org/vocab/InC-EDU/1.0/,,eng,
pn_1964_sb_97,/objects/sbsi.jpg,For Those Who Like Good Stories,,,,,11/14/1964,no,21,Shoe Bird;Review,"Toronto, Ontario",43.6433631,-79.3946903,Toronto Star,Newspapers.com,,"Educational use includes non-commercial use of text and images in materials for teaching and research purposes. Digital reproduction permissions granted by University of Idaho Library Special Collections and Archives Department. For other uses beyond free use, please contact University of Idaho Library Special Collections and Archives Department at libspec@uidaho.edu.",https://rightsstatements.org/vocab/InC-EDU/1.0/,,eng,
pn_1965_sb_98,/objects/sbsi.jpg,The Shoe Bird,,,Helen Dick Davis,,2/4/1965,no,16,Shoe Bird;Review,"Yazoo City, Mississippi",32.8613211,-90.4023515,Yazoo Herald,Newspapers.com,,"Educational use includes non-commercial use of text and images in materials for teaching and research purposes. Digital reproduction permissions granted by University of Idaho Library Special Collections and Archives Department. For other uses beyond free use, please contact University of Idaho Library Special Collections and Archives Department at libspec@uidaho.edu.",https://rightsstatements.org/vocab/InC-EDU/1.0/,,eng,
pn_2009_sb_99,/objects/sbsi.jpg,Breaking the Rules,,,Kevin Sessums,,9/27/2009,no,56,Shoe Bird,"Logan, Utah",41.7291884,-111.8613046,Herald Journal,Newspaper Archive ,,"Educational use includes non-commercial use of text and images in materials for teaching and research purposes. Digital reproduction permissions granted by University of Idaho Library Special Collections and Archives Department. For other uses beyond free use, please contact University of Idaho Library Special Collections and Archives Department at libspec@uidaho.edu.",https://rightsstatements.org/vocab/InC-EDU/1.0/,,eng,
pn_1965_sb_100,/objects/sbsi.jpg,Welty Writes Winning Tale,,,,,1/24/1965,no,47,Shoe Bird;Review,"Witchita Falls, Texas",33.9060581,-98.4884936,Times Record News,Genealogy Bank,,"Educational use includes non-commercial use of text and images in materials for teaching and research purposes. Digital reproduction permissions granted by University of Idaho Library Special Collections and Archives Department. For other uses beyond free use, please contact University of Idaho Library Special Collections and Archives Department at libspec@uidaho.edu.",https://rightsstatements.org/vocab/InC-EDU/1.0/,,eng,
pn_1965_sb_101,/objects/sbsi.jpg,New Books at Library,,,,,2/23/1965,no,6,Shoe Bird;Library,"Washington, Pennsylvania",40.1690098,-80.2443972,Washington Observer,Genealogy Bank,,"Educational use includes non-commercial use of text and images in materials for teaching and research purposes. Digital reproduction permissions granted by University of Idaho Library Special Collections and Archives Department. For other uses beyond free use, please contact University of Idaho Library Special Collections and Archives Department at libspec@uidaho.edu.",https://rightsstatements.org/vocab/InC-EDU/1.0/,,eng,
pn_1965_sb_102,/objects/sbsi.jpg,New Books at Citizens Library,,,,,2/22/1965,no,8,Shoe Bird;Library,"Washington, Pennsylvania",40.1690098,-80.2443972,Washington Reporter,Genealogy Bank,,"Educational use includes non-commercial use of text and images in materials for teaching and research purposes. Digital reproduction permissions granted by University of Idaho Library Special Collections and Archives Department. For other uses beyond free use, please contact University of Idaho Library Special Collections and Archives Department at libspec@uidaho.edu.",https://rightsstatements.org/vocab/InC-EDU/1.0/,,eng,
pn_1965_sb_103,/objects/sbsi.jpg,Welty Writes Winning Tale,,,,,1/24/1965,no,52,Shoe Bird;Review,"Witchita Falls, Texas",30.734418,-92.2126242,Wichita Falls Times,Newspapers.com,,"Educational use includes non-commercial use of text and images in materials for teaching and research purposes. Digital reproduction permissions granted by University of Idaho Library Special Collections and Archives Department. For other uses beyond free use, please contact University of Idaho Library Special Collections and Archives Department at libspec@uidaho.edu.",https://rightsstatements.org/vocab/InC-EDU/1.0/,,eng,
pn_2009_sb_104,/objects/sbsi.jpg,Breaking the Rules,,,Kevin Sessums,,,9/27/2009,119,Shoe Bird,"Little Rock, Arkanas",32.30884433,-90.17707882,Arkansas Democrat-Gazette,Genealogy Bank,,,,,,
pn_2009_sb_105,/objects/sbsi.jpg,Breaking the Rules,,,Kevin Sessums,,,9/27/2009,76,Shoe Bird,"Bakersfield, California",35.3651691,-119.0566815,Bakersfield Californian,Newspaper Archive,,,,,,
pn_2009_sb_106,/objects/sbsi.jpg,Breaking the Rules,,,Kevin Sessums,,,9/27/2009,96,Shoe Bird,"Barstow, California",34.8932023,-117.004949,Barstow Press Dispatch,Newspaper Archive,,,,,,
pn_1993_sb_107,/objects/sbsi.jpg,Bedford Public Library,,,Joan Kernan,,,11/3/1993,17,Shoe Bird;Library,"Bedford, Virginia",37.3355621,-79.5249474,Bedford Bulletin,Newspapers.com,,,,,,
pn_1965_sb_108,/objects/sbsi.jpg,New Books,,,,,,1/7/1965,8,Shoe Bird;Library,"Bennington, Vermont",42.8779824,-73.1962757,Bennington Banner,Newspaper Archive,,,,,,
pn_2009_sb_109,/objects/sbsi.jpg,Breaking the Rules,,,Kevin Sessums,,,9/27/2009,143,Shoe Bird,"Bluefield, West Virginia",37.2591681,-81.2488721,Bluefield Daily Telegraph,Newspaper Archive,,,,,,
pn_2009_sb_110,/objects/sbsi.jpg,Breaking the Rules,,,Kevin Sessums,,,9/27/2009,225,Shoe Bird,"Cedar Rapids, Iowa",41.9788664,-91.6667095,Cedar Rapids Gazette,Newspaper Archive,,,,,,
pn_2009_sb_111,/objects/sbsi.jpg,Breaking the Rules,,,Kevin Sessums,,,9/27/2009,112,Shoe Bird,"Chattanooga, Tennessee",35.0418219,-85.3046198,Chattanooga Times-Free Press,Genealogy Bank,,,,,,
pn_2002_sb_112,/objects/sbsi.jpg,2002-2003 Performing Arts Season,,,,,,9/22/2002,69,Shoe Bird;Symphony,"Memphis, Tennessee",35.1418557,-90.0543125,Commercial Appeal,Genealogy Bank,,,,,,
pn_2009_sb_113,/objects/sbsi.jpg,Breaking the Rules,,,Kevin Sessums,,,9/27/2009,97,Shoe Bird,"Corpus Christi, Texas",27.71375729,-97.38904585,Corpus Christi Caller-Times,Genealogy Bank,,,,,,
pn_2009_sb_114,/objects/sbsi.jpg,Breaking the Rules,,,Kevin Sessums,,,9/27/2009,81,Shoe Bird,"Stamford, Connecticut",41.0545526,-73.5426463,Daily Advocate,Genealogy Bank,,,,,,
pn_2009_sb_115,/objects/sbsi.jpg,Breaking the Rules,,,Kevin Sessums,,,9/27/2009,91,Shoe Bird,"Boulder, Colorado",40.0143058,-105.2494857,Daily Camera,Genealogy Bank,,,,,,
pn_2009_sb_116,/objects/sbsi.jpg,Breaking the Rules,,,Kevin Sessums,,,9/27/2009,70,Shoe Bird,"Kingston, New York",41.9327202,-74.021458,Daily Freeman,Genealogy Bank,,,,,,
pn_2009_sb_117,/objects/sbsi.jpg,Breaking the Rules,,,Kevin Sessums,,,9/27/2009,170,Shoe Bird,"Denver, Colorado",39.8042579,-104.9748222,Denver Post,Genealogy Bank,,,,,,
pn_2009_sb_118,/objects/sbsi.jpg,Breaking the Rules,,,Kevin Sessums,,,9/27/2009,114,Shoe Bird,"Doylestown, Pennsylvania",40.3167087,-75.1346555,Doylestown Intelligencer,Newspaper Archive,,,,,,
pn_2007_sb_119,/objects/sbsi.jpg,"Lamkin, Clark Present Crescite Club Program",,,,,,3/14/2007,A6,Shoe Bird;Eye of the Story;Photography;Club,"McComb, Mississippi",31.2485854,-90.4834015,Enterprise-Journal,Newspapers.com,,,,,,
pn_2009_sb_120,/objects/sbsi.jpg,Breaking the Rules,,,Kevin Sessums,,,9/27/2009,90,Shoe Bird,"Erie, Pennsylvania",42.1211432,-80.0858621,Erie Times-News,Genealogy Bank,,,,,,
pn_2009_sb_121,/objects/sbsi.jpg,Breaking the Rules,,,Kevin Sessums,,,9/27/2009,108,Shoe Bird,"Flint, Michigan",43.0151862,-83.6906962,Flint Journal,Genealogy Bank,,,,,,
pn_2009_sb_122,/objects/sbsi.jpg,Breaking the Rules,,,Kevin Sessums,,,9/27/2009,146,Shoe Bird,"Greensboro, North Carolina",36.0304799,-79.7908662,Greensboro News and Record,Genealogy Bank,,,,,,
pn_2009_sb_123,/objects/sbsi.jpg,Breaking the Rules,,,Kevin Sessums,,,9/27/2009,82,Shoe Bird,"Greenwich, Connecticut",41.0463121,-73.571465,Greenwich Time,Genealogy Bank,,,,,,
pn_2002_sb_124,/objects/sbsi.jpg,USM Symphony Premieres Work Based on Welty's 'Shoe Bird',,,,,,3/18/2002,2,Shoe Bird;Symphony;Boychoir,"Hattiesburg, Mississippi",31.3194923,-89.349849,Hattiesburg American,Newspapers.com,,,,,,
pn_2009_sb_125,/objects/sbsi.jpg,Breaking the Rules,,,Kevin Sessums,,,9/27/2009,74,Shoe Bird,"Spartanburg, South Carolina",34.9484044,-81.9343913,Herald-Journal,Genealogy Bank,,,,,,
pn_2009_sb_126,/objects/sbsi.jpg,Breaking the Rules,,,Kevin Sessums,,,9/27/2009,178,Shoe Bird,"Houston, Texas",29.7273915,-95.4574805,Houston Chronicle,Genealogy Bank,,,,,,
pn_2009_sb_127,/objects/sbsi.jpg,Breaking the Rules,,,Kevin Sessums,,,9/27/2009,104,Shoe Bird,"Huntsville, Alabama",34.7299908,-86.5862575,Huntsville Times,Genealogy Bank,,,,,,
pn_2009_sb_128,/objects/sbsi.jpg,Breaking the Rules,,,Kevin Sessums,,,9/27/2009,68,Shoe Bird,"Jackson, Michigan",38.7745238,-82.3837648,Jackson Citizen Patriot,Genealogy Bank,,,,,,
pn_1968_sb_129,/objects/sbsi.jpg,World Premiere Performance,,,,,,4/7/1968,47,Shoe Bird;Ballet,"Jackson, Mississippi",32.2981164,-90.1835511,Jackson Daily News,Newspapers.com,,,,,,
pn_1968_sb_130,/objects/sbsi.jpg,Shoebird' Tickets Now On Sale; Ballet Premiere April 20,,,,,,4/11/1968,61,Shoe Bird;Ballet,"Jackson, Mississippi",32.2981164,-90.1835511,Jackson Daily News,Newspapers.com,,,,,,
pn_1968_sb_131,/objects/sbsi.jpg,Talented Duo Directs Jackson Ballet Dancers,,,,,,4/12/1968,17,Shoe Bird;Ballet,"Jackson, Mississippi",32.2981164,-90.1835511,Jackson Daily News,Newspapers.com,,,,,,
pn_1968_sb_132,/objects/sbsi.jpg,"Witty, Wise and Rewarding' - That is Description of Coming Ballet",,,,,,4/14/1968,46,Shoe Bird;Ballet,"Jackson, Mississippi",32.2981164,-90.1835511,Jackson Daily News,Newspapers.com,,,,,,
pn_1968_sb_133,/objects/sbsi.jpg,"Ballet Guild Formed to Promote, Encourage Dance as an Art Form",,,Dot Ward,,,4/17/1968,26,Shoe Bird;Ballet,"Jackson, Mississippi",32.2981164,-90.1835511,Jackson Daily News,Newspapers.com,,,,,,
pn_2009_sb_134,/objects/sbsi.jpg,Breaking the Rules,,,Kevin Sessums,,,9/27/2009,87,Shoe Bird,"Joplin, Missouri",37.0878277,-94.5125577,Joplin Globe,Newspaper Archive,,,,,,
pn_2009_sb_135,/objects/sbsi.jpg,Breaking the Rules,,,Kevin Sessums,,,9/27/2009,103,Shoe Bird,"Fort Wayne, Indiana",41.0792848,-85.1489712,Journal Gazette,Genealogy Bank,,,,,,
pn_2009_sb_136,/objects/sbsi.jpg,Breaking the Rules,,,Kevin Sessums,,,9/27/2009,108,Shoe Bird,"Kalamazoo, Michigan",42.2896062,-85.5833222,Kalamazoo Gazette,Genealogy Bank,,,,,,
pn_2009_sb_137,/objects/sbsi.jpg,Breaking the Rules,,,Kevin Sessums,,,9/27/2009,58,Shoe Bird,"Kokomo, Indiana",40.4871803,-86.1327164,Kokomo Tribune,Newspaper Archive,,,,,,
pn_1965_sb_138,/objects/sbsi.jpg,Library Starts Year with 49 Additional Books,,,,,,1/7/1965,5,Shoe Bird;Library,"Nederland, Texas",29.9605411,-93.9815796,Nederland Midcounty Review,Newspaper Archive,,,,,,
pn_2009_sb_139,/objects/sbsi.jpg,Breaking the Rules,,,Kevin Sessums,,,9/27/2009,336,Shoe Bird,"Newark, New Jersey",40.7307019,-74.1787336,Newark Star-Ledger,Genealogy Bank,,,,,,
pn_2009_sb_140,/objects/sbsi.jpg,Breaking the Rules,,,Kevin Sessums,,,9/27/2009,89,Shoe Bird,"Ocala, Florida",29.1690455,-82.1585371,Ocala Star-Banner,Genealogy Bank,,,,,,
pn_2009_sb_141,/objects/sbsi.jpg,Breaking the Rules,,,Kevin Sessums,,,9/27/2009,76,Shoe Bird,"Odessa, Texas",40.04448318,-86.90435028,Odessa American,Newspaper Archive,,,,,,
pn_2009_sb_142,/objects/sbsi.jpg,Breaking the Rules,,,Kevin Sessums,,,9/27/2009,109,Shoe Bird,"Portland, Oregon",45.51101303,-122.6773834,Oregonian,Genealogy Bank,,,,,,
pn_2009_sb_143,/objects/sbsi.jpg,Breaking the Rules,,,Kevin Sessums,,,9/27/2009,101,Shoe Bird,"Charleston, South Carolina",32.809249,-79.946742,Post and Courier,Genealogy Bank,,,,,,
pn_2009_sb_144,/objects/sbsi.jpg,Breaking the Rules,,,Kevin Sessums,,,9/27/2009,135,Shoe Bird,"Springfield, Masa",42.1059437,-72.5973159,Republican,Genealogy Bank,,,,,,
pn_2009_sb_145,/objects/sbsi.jpg,Breaking the Rules,,,Kevin Sessums,,,9/27/2009,100,Shoe Bird,"Roanoke, Virginia",37.271678,-79.944353,Roanoke Times,Genealogy Bank,,,,,,
pn_2009_sb_146,/objects/sbsi.jpg,Breaking the Rules,,,Kevin Sessums,,,9/27/2009,64,Shoe Bird,"Salina, Kansaa",38.840418,-97.585194,Salina Journal,Newspaper Archive,,,,,,
pn_2009_sb_147,/objects/sbsi.jpg,Breaking the Rules,,,Kevin Sessums,,,9/27/2009,59,Shoe Bird,"San Angelo, Texas",31.4637017,-100.437944,San Angelo Standard-Times,Genealogy Bank,,,,,,
pn_2009_sb_148,/objects/sbsi.jpg,Breaking the Rules,,,Kevin Sessums,,,9/27/2009,228,Shoe Bird,"San Francisco, California",37.7822159,-122.406472,San Francisco Chronicle,Genealogy Bank,,,,,,
pn_2009_sb_149,/objects/sbsi.jpg,Breaking the Rules,,,Kevin Sessums,,,9/27/2009,126,Shoe Bird,"Sarasota, Florida",27.3368214,-82.5347926,Sarasota Herald-Tribune,Genealogy Bank,,,,,,
pn_2009_sb_150,/objects/sbsi.jpg,Breaking the Rules,,,Kevin Sessums,,,9/27/2009,108,Shoe Bird,"Seattle, Washington",47.6191101,-122.3365314,Seattle Times,Genealogy Bank,,,,,,
pn_2009_sb_151,/objects/sbsi.jpg,Breaking the Rules,,,Kevin Sessums,,,9/27/2009,69,Shoe Bird,"Springfield, Illinois",39.776311,-89.668297,State Journal-Register,Genealogy Bank,,,,,,
pn_2009_sb_152,/objects/sbsi.jpg,Breaking the Rules,,,Kevin Sessums,,,9/27/2009,96,Shoe Bird,"Staten Island, New York",40.6001899,-74.0866578,Staten Island Advance,Genealogy Bank,,,,,,
pn_2009_sb_153,/objects/sbsi.jpg,Breaking the Rules,,,Kevin Sessums,,,9/27/2009,126,Shoe Bird,"Worcester, Massachusets",42.2627212,-71.7993768,Telegram & Gazette,Genealogy Bank,,,,,,
pn_2009_sb_154,/objects/sbsi.jpg,Breaking the Rules,,,Kevin Sessums,,,9/27/2009,136,Shoe Bird,"New Orleans, Louisiana",29.9450016,-90.0718213,Times-Picayune,Genealogy Bank,,,,,,
pn_2009_sb_155,/objects/sbsi.jpg,Breaking the Rules,,,Kevin Sessums,,,9/27/2009,133,Shoe Bird,"Trenton, New Jersey",40.2252249,-74.7582952,Trenton Evening Times,Genealogy Bank,,,,,,
pn_2009_sb_156,/objects/sbsi.jpg,Breaking the Rules,,,Kevin Sessums,,,9/27/2009,284,Shoe Bird,"Norfolk, Virginia",36.854366,-76.2903678,Virginian-Pilot,Genealogy Bank,,,,,,
pn_2008_sb_157,/objects/sbsi.jpg,Seattle Symphony,,,,,,10/31/2008,69,Shoe Bird;Symphony;Audiobook;Advertisement,"Seattle, Washington",47.6180305,-122.3517205,Seattle Post-Intelligencer,Genealogy Bank,,,,,,
pn_2002_sb_158,/objects/sbsi.jpg,Symphony Piece Gives Wings to Eudora Welty's 'The Shoe Bird',,,Mary Ann Gwinn,,,4/4/2002,41,Shoe Bird;Symphony,"Seattle, Washington",47.6191101,-122.3365314,Seattle Times,Genealogy Bank,,,,,,
pn_2008_sb_159,/objects/sbsi.jpg,Meet the Composer,,,,,,10/17/2008,59,Shoe Bird;Symphony;Advertisement,"Seattle, Washington",47.6191101,-122.3365314,Seattle Times,Genealogy Bank,,,,,,
pn_2008_sb_160,/objects/sbsi.jpg,Classical Music & Dance Listings,,,,,,10/31/2008,79,Shoe Bird;Symphony,"Seattle, Washington",47.6191101,-122.3365314,Seattle Times,Genealogy Bank,,,,,,
pn_2008_sb_161,/objects/sbsi.jpg,Seattle Symphony ,,,,,,10/31/2008,80,Shoe Bird;Symphony;Advertisement,"Seattle, Washington",47.6191101,-122.3365314,Seattle Times,Genealogy Bank,,,,,,
pn_2008_sb_162,/objects/sbsi.jpg,"Putting the Song into ""The Shoe Bird""",,,Sumi Hahn,,,11/1/2008,33,Shoe Bird;Symphony;Audiobook ,"Seattle, Washington",47.6191101,-82.018329,Seattle Times,Genealogy Bank,,,,,,
pn_1964_sb_163,/objects/sbsi.jpg,New Books - New Hours for Christmas Vacation,,,,,,12/17/1964,5,Shoe Bird;Library,"Shreve, Ohio",40.688821,-82.018329,Shreve Chronicle,Newspaper Archive,,,,,,
pn_1972_sb_164,/objects/sbsi.jpg,Anniversary Sale,,,,,,11/19/1972,354,Shoe Bird;Advertisement,"St. Louis, Missouri",38.6340687,-90.1933232,St. Louis Post-Dispatch,Newspapers.com,,,,,,
pn_1964_sb_165,/objects/sbsi.jpg,New Books at Creston are For All Ages,,,,,,12/17/1964,23,Shoe Bird;Library,"Wooster, Ohio",40.7985669,-81.9380069,Daily Record,Genealogy Bank,,,,,,
pn_2009_sb_166,/objects/sbsi.jpg,Breaking the Rules,,,Kevin Sessums,,,9/27/2009,169,Shoe Bird,"Syracuse, New York",43.0489058,-76.1509808,Syracuse Post-Standard,Newspaper Archive,,,,,,
pn_2010_sb_167,/objects/sbsi.jpg,Jackson Ballet,,,,,,11/1/2010,27,Shoe Bird;Ballet,"Jackson, Mississippi",32.3803631,-90.1560784,Northside Sun,Newspapers.com,,,,,,
pn_2002_sb_168,/objects/sbsi.jpg,Natchez Literary Cinema Celebration,,,,,,2/17/2002,33,Shoe Bird;Symphony,"Alexandria, Louisiana",31.31034,-92.443499,Town Talk,Google ,,,,,,
pn_2009_sb_169,/objects/sbsi.jpg,Breaking the Rules,,,Kevin Sessums,,,9/27/2009,56,Shoe Bird,"Logan, Utah",41.7291618,-111.8612907,Herald-Journal,Newspaper Archive,,,,,,
pn_2009_sb_170,/objects/sbsi.jpg,Breaking the Rules,,,Kevin Sessums,,,9/27/2009,98,Shoe Bird,"Twin Falls, Idaho",42.5574419,-114.4729395,Twin Falls Times News,Newspaper Archive,,,,,,
pn_2009_sb_171,/objects/sbsi.jpg,Breaking the Rules,,,Kevin Sessums,,,9/27/2009,20,Shoe Bird,"Akron, Ohio",41.0757748,-81.5199698,Akron Beacon Journal,Newspapers.com,,,,,,
pn_1933_sc_172,/objects/sbsi.jpg,Interest of Jackson Society Turns to Horse Show Oct. 26,,,Eudora Welty,,,10/15/1933,19,,"Memphis, Tennessee",35.1418951,-90.0543551,Commercial Appeal,Commercial Appeal,,,,,,
pn_1933_sc_173,/objects/sbsi.jpg,"Five Move on List Who Will Make Debut in Jackson, Nov. 8",,,Eudora Welty,,,10/29/1933,28,,"Memphis, Tennessee",35.1418951,-90.0543551,Commercial Appeal,Commercial Appeal,,,,,,
pn_1933_sc_174,/objects/sbsi.jpg,First Debutantes of Jackson Introduced at University Club,,,Eudora Welty,,,11/12/1933,23,,"Memphis, Tennessee",35.1418951,-90.0543551,Commercial Appeal,Commercial Appeal,,,,,,
pn_1933_sc_175,/objects/sbsi.jpg,Holiday Spirit Grips Society at Jackson,,,Eudora Welty,,,12/10/1933,25,,"Memphis, Tennessee",35.1418951,-90.0543551,Commercial Appeal,Commercial Appeal,,,,,,
pn_1933_sc_176,/objects/sbsi.jpg,Jackson Debs Find Their Life Full of Parties,,,Eudora Welty,,,12/17/1933,23,,"Memphis, Tennessee",35.1418951,-90.0543551,Commercial Appeal,Commercial Appeal,,,,,,
pn_1933_sc_177,/objects/sbsi.jpg,Debutantes' New Year at Jackson Opens,,,Eudora Welty,,,12/31/1933,35,,"Memphis, Tennessee",35.1418951,-90.0543551,Commercial Appeal,Commercial Appeal,,,,,,
pn_1934_sc_178,/objects/sbsi.jpg,Carnival Ball Is Of Interest At Jackson,,,Eudora Welty,,,1/14/1934,7,,"Memphis, Tennessee",35.1418951,-90.0543551,Commercial Appeal,Commercial Appeal,,,,,,
pn_1934_sc_179,/objects/sbsi.jpg,Jackson Elite Look Forward To Mardi Gras,,,Eudora Welty,,,1/21/1934,23,,"Memphis, Tennessee",35.1418951,-90.0543551,Commercial Appeal,Commercial Appeal,,,,,,
pn_1934_sc_180,/objects/sbsi.jpg,Carnivall Ball Big Moment For Jackson,,,Eudora Welty,,,1/28/1934,59,,"Memphis, Tennessee",35.1418951,-90.0543551,Commercial Appeal,Commercial Appeal,,,,,,
pn_1934_sc_181,/objects/sbsi.jpg,"""Court"" of Louis XIV to Be Ball Motif",,,Eudora Welty,,,2/4/1934,23,,"Memphis, Tennessee",35.1418951,-90.0543551,Commercial Appeal,Commercial Appeal,,,,,,
pn_1934_sc_182,/objects/sbsi.jpg,Society Gives 'The Bad Man' Quite A Play,,,Eudora Welty,,,2/11/1934,60,,"Memphis, Tennessee",35.1418951,-90.0543551,Commercial Appeal,Commercial Appeal,,,,,,
pn_1934_sc_183,/objects/sbsi.jpg,Miss Sullens And Mr. Ricks Reign At Ball At Jackson ,,,Eudora Welty,,,2/18/1934,9,,"Memphis, Tennessee",35.1418951,-90.0543551,Commercial Appeal,Commercial Appeal,,,,,,
pn_1934_sc_184,/objects/sbsi.jpg,Hagaman_Griffith Wedding Is Highlight of Jackson's Week,,,Eudora Welty,,,2/25/1934,25,,"Memphis, Tennessee",35.1418951,-90.0543551,Commercial Appeal,Commercial Appeal,,,,,,
pn_1934_sc_185,/objects/sbsi.jpg,"Mississippi Club Women Get ""Fever""",,,Eudora Welty,,,3/25/1934,59,,"Memphis, Tennessee",35.1418951,-90.0543551,Commercial Appeal,Commercial Appeal,,,,,,
pn_1934_sc_186,/objects/sbsi.jpg,"Miss Mosal, Mr. Fontaine To Wed Soon",,,Eudora Welty,,,4/8/1934,42,,"Memphis, Tennessee",35.1418951,-90.0543551,Commercial Appeal,Commercial Appeal,,,,,,
pn_1934_sc_187,/objects/sbsi.jpg,Marriages At Jackson Of Interest,,,Eudora Welty,,,4/29/1934,23,,"Memphis, Tennessee",35.1418951,-90.0543551,Commercial Appeal,Commercial Appeal,,,,,,
pn_1934_sc_188,/objects/sbsi.jpg,Miss Bynum Weds May 10,,,Eudora Welty,,,5/6/1934,68,,"Memphis, Tennessee",35.1418951,-90.0543551,Commercial Appeal,Commercial Appeal,,,,,,
pn_1934_sc_189,/objects/sbsi.jpg,Miss Bynum Is Bride of Dr. Blackburn,,,Eudora Welty,,,5/13/1934,23,,"Memphis, Tennessee",35.1418951,-90.0543551,Commercial Appeal,Commercial Appeal,,,,,,
pn_1934_sc_190,/objects/sbsi.jpg,Bride-Elect Is Honored,,,Eudora Welty,,,5/20/1934,64,,"Memphis, Tennessee",35.1418951,-90.0543551,Commercial Appeal,Commercial Appeal,,,,,,
pn_1934_sc_191,/objects/sbsi.jpg,Two Engagements of Wide Interest in Mississippi Are Announced in Jackson,,,Eudora Welty,,,6/3/1934,23,,"Memphis, Tennessee",35.1418951,-90.0543551,Commercial Appeal,Commercial Appeal,,,,,,
pn_1934_sc_192,/objects/sbsi.jpg,Miss Helen Hargrave Weds James F. Cabell at Jackson,,,Eudora Welty,,,6/10/1934,59,,"Memphis, Tennessee",35.1418951,-90.0543551,Commercial Appeal,Commercial Appeal,,,,,,
pn_1934_sc_193,/objects/sbsi.jpg,Wood-Boyd Marriage Claims Jackson Society Spotlight,,,Eudora Welty,,,6/24/1934,33,,"Memphis, Tennessee",35.1418951,-90.0543551,Commercial Appeal,Commercial Appeal,,,,,,
pn_1934_sc_194,/objects/sbsi.jpg,Mississippi Capital Society Gay in Entertaining Guests,,,Eudora Welty,,,7/15/1934,27,,"Memphis, Tennessee",35.1418951,-90.0543551,Commercial Appeal,Commercial Appeal,,,,,,
pn_1934_sc_195,/objects/sbsi.jpg,Miss Frances King Engaged To Mr. Leon L. Wheeless,,,Eudora Welty,,,9/9/1934,55,,"Memphis, Tennessee",35.1418951,-90.0543551,Commercial Appeal,Commercial Appeal,,,,,,
pn_1934_sc_196,/objects/sbsi.jpg,Cheney-Green Wedding Event Attracting Jackson Society,,,Eudora Welty,,,10/28/1934,52,,"Memphis, Tennessee",35.1418951,-90.0543551,Commercial Appeal,Commercial Appeal,,,,,,
pn_1934_sc_197,/objects/sbsi.jpg,Nuptial Parties Enliven Week For Jackson Elite,,,Eudora Welty,,,11/25/1934,47,,"Memphis, Tennessee",35.1418951,-90.0543551,Commercial Appeal,Commercial Appeal,,,,,,
pn_1934_sc_198,/objects/sbsi.jpg,Mary Agness Dobyns Weds James Preston In Jackson,,,Eudora Welty,,,12/23/1934,26,,"Memphis, Tennessee",35.1418951,-90.0543551,Commercial Appeal,Commercial Appeal,,,,,,
pn_1935_sc_199,/objects/sbsi.jpg,Miss Helen Newell To Be Wed To William K. Barnes Monday,,,Eudora Welty,,,1/6/1935,31,,"Memphis, Tennessee",35.1418951,-90.0543551,Commercial Appeal,Commercial Appeal,,,,,,
pn_1935_sc_200,/objects/sbsi.jpg,Miss Newell Becomes Bride Of Mr. Barnes in Jackson,,,Eudora Welty,,,1/13/1935,32,,"Memphis, Tennessee",35.1418951,-90.0543551,Commercial Appeal,Commercial Appeal,,,,,,
pn_1937_sc_201,/objects/sbsi.jpg,Society  ,,,,,,3/14/1937,42,,"New Orleans, Louisiana",29.9450016,-90.0543551,Times-Picayune,Times-Picayune,,,,,,
pn_1937_sc_202,/objects/sbsi.jpg,Formal Tea Heads Calendar Of Social Set At Jackson,,,Clifford S. Pullen,,,10/24/1937,59,,"Memphis, Tennessee",35.1418951,-90.0543551,Commercial Appeal,Commercial Appeal,,,,,,
pn_1938_ss_203,/objects/sbsi.jpg,Too Many Words Overload a Fantasy,,,,,,5/28/1938,4,,"Newport News, Virginia",36.854366,-76.2903678,Virginian-Pilot,Virginian-Pilot,,,,,,
pn_1938_sc_204,/objects/sbsi.jpg,Party Honors Jackson Bride,,,Clifford S. Pullen,,,8/7/1938,59,,"Memphis, Tennessee",35.1418951,-90.0543551,Commercial Appeal,Commercial Appeal,,,,,,
pn_1938_ss_205,/objects/sbsi.jpg,Changing Taste in Short-Story Reading Seen,,,,,,10/16/1938,27,,"San Diego, California",32.71841,-117.158693,San Diego Union,San Diego Union,,,,,,
pn_1939_ss_206,/objects/sbsi.jpg,Behind the Scenes,,,,,,2/12/1939,25,,"Charleston, South Carolina",32.809249,-79.946742,Charleston News and Courier,Charleston News and Courier,,,,,,
pn_1939_ss_207,/objects/sbsi.jpg,Mr. O'Brien Picks Them Again,,,Kirk Bates,,,6/6/1939,12,,"Milwaukee, Wisconsin",43.0424177,-87.9149542,Milwaukee Journal,Milwaukee Journal,,,,,,
pn_1939_ss_208,/objects/sbsi.jpg,"The Best Short Stories, 1939",,,,,,6/11/1939,73,,"Washington, D.C.",38.8952518,-77.0272493,Evening Star,Evening Star,,,,,,
pn_1939_cr_209,/objects/sbsi.jpg,Ford Madox Ford,,,Oliver W. Evans,,,7/8/1939,19,,"Buffalo, New York",42.913902,-78.745477,Buffalo News,Buffalo News,,,,,,
pn_1939_gn_210,/objects/sbsi.jpg,Stewart Takes Post With Cotton Council,,,,,,8/16/1939,15,,"Memphis, Tennessee",35.1418951,-90.0543551,Commercial Appeal,Commercial Appeal,,,,,,
pn_1939_ss_211,/objects/sbsi.jpg,1939 Prize Stories Are Too Serious,,,H. M. Levy,,,12/3/1939,20,,"Oakland, California",37.8125563,-122.2715805,Oakland Tribune,Oakland Tribune,,,,,,
pn_1939_ss_212,/objects/sbsi.jpg,Literature and Less,,,Albert Goldstein,,,12/3/1939,48,,"New Orleans, Louisiana",29.9450016,-90.0718213,Times-Picayune,Times-Picayune,,,,,,
pn_1933_sc_213,/objects/sbsi.jpg,Jackson's Junior Auxiliary to Hold Style Show Oct. 5,,,Eudora Welty,,,9/24/1933,20,,"Memphis, Tennessee",35.1418951,-90.0543551,Commercial Appeal,Commercial Appeal,,,,,,
pn_1933_sc_214,/objects/sbsi.jpg,Dances Enliven Lagging Summer Season for Society of Jackson,,,Eudora Welty,,,9/10/1933,19,,"Memphis, Tennessee",35.1418951,-90.0543551,Commercial Appeal,Commercial Appeal,,,,,,
pn_1933_sc_215,/objects/sbsi.jpg,Jackson Society Revels in Splendor Attached to Natchez Garden Ball,,,Eudora Welty,,,9/3/1933,20,,"Memphis, Tennessee",35.1418951,-90.0543551,Commercial Appeal,Commercial Appeal,,,,,,
pn_1933_sc_216,/objects/sbsi.jpg,Notables to Attend C. A. Office Opening,,,,,,8/29/1933,2,,"Memphis, Tennessee",35.1418951,-90.0543551,Commercial Appeal,Commercial Appeal,,,,,,
pn_1927_sc_217,/objects/sbsi.jpg,"Vicksburg, Miss.",,,,,,8/14/1927,50,,"New Orleans, Louisiana",29.9450016,-90.0718213,Times-Picayune,Times-Picayune,,,,,,
pn_1926_sc_218,/objects/sbsi.jpg,Society,,,,,,1/10/1926,48,,"New Orleans, Louisiana",29.9450016,-90.0718213,Times-Picayune,Times-Picayune,,,,,,
pn_1925_ya_219,/objects/sbsi.jpg,Smile Posts,,,,,,10/25/1925,63,,"Memphis, Tennessee",35.1418951,-90.0543551,Commercial Appeal,Commercial Appeal,,,,,,
pn_1925_sc_220,/objects/sbsi.jpg,Society,,,,,,9/27/1925,64,,"New Orleans, Louisiana",29.9450016,-90.0718213,Times-Picayune,Times-Picayune,,,,,,
pn_1925_ya_221,/objects/sbsi.jpg,Young Folks Letter Box,,,,,,8/30/1925,42,,"Memphis, Tennessee",35.1418951,-90.0543551,Commercial Appeal,Commercial Appeal,,,,,,
pn_1925_ya_222,/objects/sbsi.jpg,Post Card Exchange,,,,,,8/2/1925,29,,"Memphis, Tennessee",35.1418951,-90.0543551,Commercial Appeal,Commercial Appeal,,,,,,
pn_1925_ya_223,/objects/sbsi.jpg,Post Card Exchange,,,,,,7/5/1925,42,,"Memphis, Tennessee",35.1418951,-90.0543551,Commercial Appeal,Commercial Appeal,,,,,,
pn_1925_gn_224,/objects/sbsi.jpg,Posters Win Prizes,,,,,,3/22/1925,61,,"New Orleans, Louisiana",29.9450016,-90.0543551,Times-Picayune,Times-Picayune,,,,,,
pn_1922_sc_225,/objects/sbsi.jpg,"Jackson, Miss.",,,,,,9/3/1922,31,,"New Orleans, Louisiana",29.9450016,-90.0543551,Times-Picayune,Times-Picayune,,,,,,
pn_1922_gn_226,/objects/sbsi.jpg,Prize Essayists Announced,,,,,,5/31/1922,17,,"New Orleans, Louisiana",29.9450016,-90.0543551,Times-Picayune,Times-Picayune,,,,,,
pn_1939_gn_227,/objects/sbsi.jpg,Stewart Resigns Advertising Post,,,,,,8/16/1939,1,,"McComb, Mississippi",31.248573,-90.4830829,McComb Daily Journal ,McComb Daily Journal ,,,,,,
pn_1938_ss_228,/objects/sbsi.jpg,"While Critics Toss Their Barbs at Prairie Schooner, It Chalks Up a Record for Recent Reprints",,,,,,1/16/1938,20,,"Lincoln, Nebraska",40.814839,-96.7080066,Nebraska State Journal,Nebraska State Journal,,,,,,
pn_1935_sc_229,/objects/sbsi.jpg,Karl Wolfe Will Be Guest Of Culture Club,,,,,,1/17/1935,1,,"Newton, Mississippi",32.321809,-89.162907,Newton Record,Newton Record,,,,,,
pn_1932_sc_230,/objects/sbsi.jpg,Entertained In Daughter's Honor,,,,,,1/20/1932,3,,"McComb, Mississippi",31.248573,-90.4830829,Semi-Weekly Journal,Semi-Weekly Journal,,,,,,
pn_1927_sc_231,/objects/sbsi.jpg,Society,,,,,,8/6/1927,3,,"Vicksburg, Mississippi",32.3519234,-90.8818937,Vicksburg Post,Vicksburg Post,,,,,,
pn_1922_ya_232,/objects/sbsi.jpg,Girls Return,,,,,,8/27/1922,9,,"Jackson, Mississippi",32.298756,-90.184807,Clarion-Ledger,Clarion-Ledger,,,,,,
pn_1922_ya_233,/objects/sbsi.jpg,News From Nakawana Girls,,,,,,7/23/1922,14,,"Jackson, Mississippi",32.298756,-90.184807,Clarion-Ledger,Clarion-Ledger,,,,,,
pn_1922_ya_234,/objects/sbsi.jpg,Leave for Nakawana,,,,,,6/29/1922,3,,"Jackson, Mississippi",32.298756,-90.184807,Clarion-Ledger,Clarion-Ledger,,,,,,
pn_1921_ya_235,/objects/sbsi.jpg,"Girl Reserves Home After ""Grand"" Gamp",,,,,,8/7/1921,6,,"Jackson, Mississippi",32.298756,-90.184807,Clarion-Ledger,Clarion-Ledger,,,,,,
pn_1921_sc_236,/objects/sbsi.jpg,Miss Bessie Smith's Party,,,,,,7/20/1921,3,,"Jackson, Mississippi",32.298756,-90.184807,Clarion-Ledger,Clarion-Ledger,,,,,,
pn_1921_ya_237,/objects/sbsi.jpg,Piano Recital Tomorrow,,,,,,6/9/1921,3,,"Jackson, Mississippi",32.298756,-90.184807,Clarion-Ledger,Clarion-Ledger,,,,,,
pn_1921_ya_238,/objects/sbsi.jpg,Honor Roll of Local Schools Made Public,,,,,,2/27/1921,15,,"Jackson, Mississippi",32.298756,-90.184807,Clarion-Ledger,Clarion-Ledger,,,,,,
pn_1920_sc_239,/objects/sbsi.jpg,Eudora Welty's Hallowe'en Party,,,,,,11/1/1920,3,,"Jackson, Mississippi",32.298756,-90.184807,Clarion-Ledger,Clarion-Ledger,,,,,,
pn_1920_ya_240,/objects/sbsi.jpg,Honor Roll Of Students Is Out,,,,,,6/13/1920,7,,"Jackson, Mississippi",32.298756,-90.184807,Clarion-Ledger,Clarion-Ledger,,,,,,
pn_1920_ya_241,/objects/sbsi.jpg,State Fair Near End--Travelers' Day,,,,,,10/23/1920,2,,"Jackson, Mississippi",32.298756,-90.184807,Clarion-Ledger,Clarion-Ledger,,,,,,
pn_1939_ss_242,/objects/sbsi.jpg,Book of the Week,,,August Derleth,,,12/28/1939,7,,"Waunakee, Wisconsin",42.5257503,-89.0322432,Waunakee Tribune,Waunakee Tribune,,,,,,
pn_1939_sc_243,/objects/sbsi.jpg,Seen and Heard Here and There About the City,,,,,,11/28/1939,10,,"Hattiesburg, Mississippi",31.3391263,-89.334335,Hattiesburg American,Hattiesburg American,,,,,,

pn_1939_gn_244,/objects/sbsi.jpg,Ernest Stewart Accepts Cotton Job,,,,,,8/16/1939,5,,"Biloxi, Mississippi",30.3680962,-89.0931069,Sun Herald,Biloxi Daily Herald,,,,,,

